0.019099999219179153, 0.038693711161613464, -1.0348999500274658, 0.81253981590271, -0.08799999952316284, -0.03758278489112854, -2.671600103378296, 0.020521298050880432, 0.16410000622272491, 0.011842258274555206, 1.6549999713897705, 0.050827592611312866, -0.05820000171661377, -0.0008462676778435707, -0.9695743322372437
0.0, -0.09129689633846283, -0.5690000057220459, -0.8506046533584595, 0.0, -0.007642520125955343, -2.809999942779541, 0.022897526621818542, 0.0, -0.004226509016007185, 3.0369999408721924, 0.035330429673194885, 0.7409999966621399, 0.00015459652058780193, -0.8012422323226929
-5.648057577190002e-09, -0.09129711240530014, -0.5690000057220459, -0.8506048321723938, 5.810709691189686e-09, -0.007642500102519989, -2.809999942779541, 0.02289794385433197, 2.6459854307603337e-09, -0.00422649784013629, 3.0369999408721924, 0.03533054143190384, 0.7409999966621399, 0.0001545981504023075, -0.8012423515319824
0.0001338930887868628, -0.0923643633723259, -0.563422679901123, -0.8915828466415405, 7.638220995431766e-05, -0.009364520199596882, -2.805698871612549, 0.00013549625873565674, -7.265625026775524e-05, -0.003580371616408229, 3.0409224033355713, 0.03423409163951874, 0.7410061359405518, 0.00012697512283921242, -0.8059273958206177
0.0002070166083285585, -0.09315885603427887, -0.5546627640724182, -0.9519495964050293, 0.0001283973251702264, -0.010932507924735546, -2.7995429039001465, -0.03678983449935913, -0.00011399618961149827, -0.002681898884475231, 3.0452768802642822, 0.03204566240310669, 0.7410053014755249, 8.838134817779064e-05, -0.8139781951904297
0.00022658074158243835, -0.09352544695138931, -0.5453599691390991, -1.0129083395004272, 0.00014380458742380142, -0.011890199035406113, -2.7933926582336426, -0.07720161974430084, -0.00012794781650882214, -0.0017936255317181349, 3.049527645111084, 0.029566235840320587, 0.7410037517547607, 5.0250208005309105e-05, -0.8233394622802734
0.00022097746841609478, -0.09364164620637894, -0.5359678268432617, -1.0721067190170288, 0.0001539940421935171, -0.012415892444550991, -2.787327527999878, -0.11893895268440247, -0.00013872285489924252, -0.000949219916947186, 3.0537707805633545, 0.026977863162755966, 0.7410041093826294, 1.3602664694190025e-05, -0.8336063623428345
0.00021053919044788927, -0.09357606619596481, -0.5265620946884155, -1.1291735172271729, 0.0001621481351321563, -0.012586204335093498, -2.781294107437134, -0.16145364940166473, -0.00014716741861775517, -0.00015617567987646908, 3.0579776763916016, 0.024305621162056923, 0.7410045862197876, -2.141413278877735e-05, -0.8446968793869019
0.00019854756828863174, -0.0933326780796051, -0.517177164554596, -1.1838074922561646, 0.00017017197387758642, -0.012422256171703339, -2.7752630710601807, -0.2043927162885666, -0.00015483485185541213, 0.0005768356495536864, 3.0621087551116943, 0.021559569984674454, 0.7410052418708801, -5.459645763039589e-05, -0.8565599322319031
0.00017641342128627002, -0.09289387613534927, -0.5078463554382324, -1.235731840133667, 0.0001863115030573681, -0.011930380947887897, -2.7692112922668457, -0.24740804731845856, -0.00016661100380588323, 0.0012385930167511106, 3.0661234855651855, 0.01874975860118866, 0.7410079836845398, -8.576910477131605e-05, -0.8691344261169434
0.00014402229862753302, -0.09225302189588547, -0.498584508895874, -1.2847208976745605, 0.0002113125374307856, -0.01112227700650692, -2.7631278038024902, -0.2902505695819855, -0.0001837553281802684, 0.0018236582400277257, 3.0700390338897705, 0.015893809497356415, 0.74101322889328, -0.00011480157263576984, -0.8823733925819397
0.00011054384231101722, -0.09140719473361969, -0.48938626050949097, -1.3305485248565674, 0.00023776701709721237, -0.010000115260481834, -2.757016181945801, -0.3327822685241699, -0.00020153136574663222, 0.0023311704862862825, 3.0738794803619385, 0.013003486208617687, 0.7410192489624023, -0.0001415202859789133, -0.8962496519088745
6.614848098251969e-05, -0.09033077210187912, -0.4802477955818176, -1.3729902505874634, 0.00027352399774827063, -0.008554617874324322, -2.7508785724639893, -0.3748621344566345, -0.00022550737776327878, 0.00275674881413579, 3.0776352882385254, 0.010082794353365898, 0.7410275936126709, -0.00016570929437875748, -0.9107304215431213
2.999364005518146e-05, -0.08903272449970245, -0.4711664319038391, -1.411856770515442, 0.0003029911604244262, -0.00679605221375823, -2.744715929031372, -0.4163472354412079, -0.0002446385333314538, 0.003101506968960166, 3.081317663192749, 0.007141148671507835, 0.7410342693328857, -0.00018723018001765013, -0.9257816672325134
-2.7611231416813098e-05, -0.08746854960918427, -0.46214085817337036, -1.4469660520553589, 0.00035009297425858676, -0.004710246343165636, -2.7385287284851074, -0.45709267258644104, -0.0002756603935267776, 0.0033579021692276, 3.084927797317505, 0.0041848476976156235, 0.7410463690757751, -0.00020591123029589653, -0.941362738609314
-9.80101031018421e-05, -0.08564388751983643, -0.4531744122505188, -1.4781678915023804, 0.0004086931003257632, -0.002309791510924697, -2.732316493988037, -0.49694204330444336, -0.00031336460961028934, 0.0035260082222521305, 3.0884644985198975, 0.0012217285111546516, 0.7410620450973511, -0.00022161455126479268, -0.9574283361434937
-0.0001709774078335613, -0.08356228470802307, -0.4442659914493561, -1.5053417682647705, 0.0004702112346421927, 0.00039500047569163144, -2.72607684135437, -0.5357632637023926, -0.00035256214323453605, 0.003606313606724143, 3.091921329498291, -0.0017439965158700943, 0.7410786747932434, -0.0002342632506042719, -0.9739375710487366
-0.0002466683217789978, -0.08121602982282639, -0.43541157245635986, -1.5283727645874023, 0.000534338119905442, 0.003402032656595111, -2.7198128700256348, -0.5734481811523438, -0.00039304234087467194, 0.003597863484174013, 3.0953094959259033, -0.004704680293798447, 0.7410966157913208, -0.00024374411441385746, -0.9908510446548462
-0.00033637401065789163, -0.07858830690383911, -0.42661017179489136, -1.547171950340271, 0.0006103698397055268, 0.006709540728479624, -2.7135233879089355, -0.6098849773406982, -0.00044112163595855236, 0.0034987549297511578, 3.0986199378967285, -0.007657850161194801, 0.7411184906959534, -0.0002499665133655071, -1.0081239938735962
-0.000440940260887146, -0.07567931711673737, -0.4178668260574341, -1.561693549156189, 0.0006994223222136497, 0.010306970216333866, -2.707204818725586, -0.6449408531188965, -0.0004970079753547907, 0.0033090459182858467, 3.1018316745758057, -0.010601649060845375, 0.7411450147628784, -0.00025289703626185656, -1.0257035493850708
-0.0005611499072983861, -0.07248881459236145, -0.4091770052909851, -1.5718923807144165, 0.0008021964458748698, 0.014184700325131416, -2.700862407684326, -0.6785427331924438, -0.0005612123641185462, 0.003028202336281538, 3.104997396469116, -0.013520881533622742, 0.7411763668060303, -0.00025255559012293816, -1.0435481071472168
-0.0006979667814448476, -0.06901746243238449, -0.40054139494895935, -1.5777525901794434, 0.0009196253377012908, 0.01833481527864933, -2.6944949626922607, -0.7106025815010071, -0.0006343366694636643, 0.0026573215145617723, 3.1080963611602783, -0.016416681930422783, 0.7412129044532776, -0.00024892063811421394, -1.0616090297698975
-0.0008523020660504699, -0.0652657300233841, -0.39195266366004944, -1.579253911972046, 0.0010525385150685906, 0.022749900817871094, -2.688105344772339, -0.741071343421936, -0.0007173193735070527, 0.002197447931393981, 3.1111433506011963, -0.01928422972559929, 0.7412552833557129, -0.0002419955562800169, -1.079850196838379
-0.00101290934253484, -0.06124380603432655, -0.38340309262275696, -1.5763823986053467, 0.001191635150462389, 0.027420474216341972, -2.681697368621826, -0.7699161767959595, -0.0008037519874051213, 0.0016520485514774919, 3.114140033721924, -0.022122962400317192, 0.741300642490387, -0.00023177172988653183, -1.0982332229614258
-0.0011927512241527438, -0.05694436654448509, -0.37489473819732666, -1.5691866874694824, 0.0013473755680024624, 0.032342661172151566, -2.675269842147827, -0.7970648407936096, -0.0009004269377328455, 0.0010207813465967774, 3.1170742511749268, -0.024931680411100388, 0.7413527369499207, -0.0002182939788326621, -1.1167091131210327
-0.0014057940570637584, -0.052367765456438065, -0.3664337396621704, -1.5577666759490967, 0.00153165846131742, 0.03750606253743172, -2.6688196659088135, -0.8224523663520813, -0.0010149223962798715, 0.00030257366597652435, 3.119955062866211, -0.027704976499080658, 0.7414155602455139, -0.0002017130609601736, -1.1352221965789795
-0.001654040184803307, -0.04752571880817413, -0.358020156621933, -1.5422145128250122, 0.0017467201687395573, 0.04289599508047104, -2.6623458862304688, -0.8460414409637451, -0.0011490831384435296, -0.0004994575283490121, 3.1227755546569824, -0.030442502349615097, 0.7414903044700623, -0.00018213200382888317, -1.1537290811538696
-0.0019265168812125921, -0.0424320250749588, -0.349635511636734, -1.5225327014923096, 0.0019835622515529394, 0.04850650951266289, -2.6558632850646973, -0.8678860664367676, -0.001296819536946714, -0.001386248623020947, 3.1256299018859863, -0.03312874585390091, 0.7415742874145508, -0.00015968014486134052, -1.1722043752670288
-0.0022110557183623314, -0.037101104855537415, -0.3412756621837616, -1.4988000392913818, 0.002231861697509885, 0.054326169192790985, -2.64937162399292, -0.8879678845405579, -0.0014515724033117294, -0.0023507371079176664, 3.128467321395874, -0.03577479347586632, 0.7416641116142273, -0.00013435492292046547, -1.1906099319458008
-0.002522794995456934, -0.031537991017103195, -0.33295485377311707, -1.4711923599243164, 0.002503356197848916, 0.06034599244594574, -2.642886161804199, -0.9062503576278687, -0.0016209023306146264, -0.0033927513286471367, 3.1312954425811768, -0.038371648639440536, 0.7417647242546082, -0.00010636914521455765, -1.2088663578033447
-0.002834658371284604, -0.02577098086476326, -0.32466137409210205, -1.439834713935852, 0.002776198787614703, 0.06654442101716995, -2.6363961696624756, -0.9227598905563354, -0.001790790818631649, -0.004505851771682501, 3.134108066558838, -0.04092704504728317, 0.7418679594993591, -7.584434933960438e-05, -1.226960301399231
-0.003146424191072583, -0.019804373383522034, -0.31639111042022705, -1.4048845767974854, 0.0030497063416987658, 0.07291628420352936, -2.629894495010376, -0.9375028014183044, -0.001960591645911336, -0.005687241442501545, 3.136885166168213, -0.043446674942970276, 0.7419741153717041, -4.291348159313202e-05, -1.2448647022247314
-0.003473231103271246, -0.013641616329550743, -0.3081463575363159, -1.366539716720581, 0.003336269175633788, 0.07945737987756729, -2.623378038406372, -0.9504933953285217, -0.0021387820597738028, -0.006936612538993359, 3.1396267414093018, -0.045930661261081696, 0.7420879006385803, -7.80331902205944e-06, -1.2625386714935303
-0.0038156050723046064, -0.0073004113510251045, -0.2999339997768402, -1.3250418901443481, 0.0036365222185850143, 0.08614882081747055, -2.61684250831604, -0.961735725402832, -0.002325917361304164, -0.008247345685958862, 3.1423025131225586, -0.048384375870227814, 0.7422095537185669, 2.9274960979819298e-05, -1.279938817024231
-0.004174727015197277, -0.0008042061235755682, -0.29177138209342957, -1.280701756477356, 0.003950971178710461, 0.09297019988298416, -2.6103005409240723, -0.9712539911270142, -0.0025223626289516687, -0.009615437127649784, 3.1449220180511475, -0.05080181732773781, 0.7423397898674011, 6.798352114856243e-05, -1.2969977855682373
-0.004567103460431099, 0.005845986306667328, -0.28363871574401855, -1.2336511611938477, 0.004294834565371275, 0.0999220684170723, -2.6037230491638184, -0.9791094064712524, -0.0027392785996198654, -0.011040020734071732, 3.1474785804748535, -0.053193725645542145, 0.742484986782074, 0.0001081656664609909, -1.3137375116348267
-0.0049786074087023735, 0.01262829452753067, -0.2755383551120758, -1.184119462966919, 0.004655953496694565, 0.10698725283145905, -2.5971148014068604, -0.985356330871582, -0.0029681571759283543, -0.012514526955783367, 3.1499710083007812, -0.055562153458595276, 0.7426404356956482, 0.00014960207045078278, -1.330122709274292
-0.005410808604210615, 0.019517678767442703, -0.2674883008003235, -1.1324470043182373, 0.005034815985709429, 0.11414641886949539, -2.5904979705810547, -0.9900498390197754, -0.0032098398078233004, -0.014032515697181225, 3.152400493621826, -0.057901252061128616, 0.7428072690963745, 0.00019197771325707436, -1.3460845947265625
-0.0058645145036280155, 0.026506764814257622, -0.2594674229621887, -1.0787476301193237, 0.005433271173387766, 0.12139560282230377, -2.583845376968384, -0.9932692050933838, -0.0034663996193557978, -0.015591880306601524, 3.1547698974609375, -0.06022179499268532, 0.7429866194725037, 0.00023514684289693832, -1.3616515398025513
-0.006358838174492121, 0.033577900379896164, -0.2514908015727997, -1.0233536958694458, 0.005866567604243755, 0.12872375547885895, -2.5771782398223877, -0.9950897693634033, -0.003748583374544978, -0.01718692108988762, 3.1570775508880615, -0.0625181570649147, 0.743185818195343, 0.00027881679125130177, -1.3767633438110352
-0.006860384717583656, 0.040703851729631424, -0.24355493485927582, -0.9664936065673828, 0.0063068922609090805, 0.13610601425170898, -2.5704915523529053, -0.9955918788909912, -0.004037799313664436, -0.01881028339266777, 3.159325122833252, -0.06479662656784058, 0.7433931231498718, 0.00032278592698276043, -1.3914144039154053
-0.0073882644064724445, 0.04788101091980934, -0.23565277457237244, -0.9083587527275085, 0.006770378444343805, 0.1435435712337494, -2.56378173828125, -0.9948683977127075, -0.0043458095751702785, -0.020462213084101677, 3.1615326404571533, -0.06705735623836517, 0.7436167597770691, 0.0003668463323265314, -1.4055991172790527
-0.007943803444504738, 0.05510029196739197, -0.22777144610881805, -0.849092960357666, 0.0072586797177791595, 0.15103232860565186, -2.5570297241210938, -0.9929875731468201, -0.00467503909021616, -0.022135399281978607, 3.1636710166931152, -0.06931260973215103, 0.7438579201698303, 0.0004108890425413847, -1.4193328619003296
-0.008528773672878742, 0.06233276054263115, -0.21993103623390198, -0.7890825867652893, 0.007772149983793497, 0.15854720771312714, -2.5502638816833496, -0.9900537133216858, -0.005026147235184908, -0.023822778835892677, 3.1657514572143555, -0.0715535506606102, 0.7441179752349854, 0.00045459670946002007, -1.4325575828552246
-0.009145261719822884, 0.06956276297569275, -0.21212854981422424, -0.7285460829734802, 0.00831296481192112, 0.16607683897018433, -2.543478012084961, -0.9861571788787842, -0.005402407143265009, -0.025519339367747307, 3.167773962020874, -0.07378361374139786, 0.7443993091583252, 0.0004977844655513763, -1.445274829864502
-0.009795179590582848, 0.0767676830291748, -0.20437093079090118, -0.6677722930908203, 0.008882393129169941, 0.17360174655914307, -2.536684036254883, -0.9814064502716064, -0.0058057475835084915, -0.02721976488828659, 3.169750213623047, -0.07600002735853195, 0.744703471660614, 0.0005402285605669022, -1.4574635028839111
-0.010483923368155956, 0.08393337577581406, -0.1966450810432434, -0.6069037914276123, 0.00948511715978384, 0.18111664056777954, -2.5298995971679688, -0.9759251475334167, -0.006241410505026579, -0.028930863365530968, 3.1717607975006104, -0.07818898558616638, 0.7450351119041443, 0.0005817955825477839, -1.4691188335418701
-0.01119075808674097, 0.09105080366134644, -0.18893656134605408, -0.546046257019043, 0.010104009881615639, 0.18860730528831482, -2.5231056213378906, -0.9697670936584473, -0.006697667762637138, -0.030636945739388466, 3.1737356185913086, -0.08036962151527405, 0.7453859448432922, 0.0006225202232599258, -1.480262279510498
-0.011916916817426682, 0.09812039136886597, -0.18123088777065277, -0.48529917001724243, 0.010740404948592186, 0.1960723102092743, -2.516278028488159, -0.9629994630813599, -0.007176568731665611, -0.03233593329787254, 3.175672769546509, -0.08255097270011902, 0.7457579374313354, 0.000662313075736165, -1.4909229278564453
-0.012685874477028847, 0.10511530190706253, -0.17354822158813477, -0.4250367283821106, 0.011412994004786015, 0.20349153876304626, -2.509443998336792, -0.9557396173477173, -0.007695123553276062, -0.034022148698568344, 3.1775856018066406, -0.08472038060426712, 0.7461637854576111, 0.0007009138353168964, -1.501062273979187
-0.013500051572918892, 0.11202222853899002, -0.16587965190410614, -0.36537879705429077, 0.012124495580792427, 0.2108483612537384, -2.5025758743286133, -0.9480422139167786, -0.008259161375463009, -0.03568338602781296, 3.179431915283203, -0.08689064532518387, 0.74660724401474, 0.0007382675539702177, -1.5107107162475586
-0.014362295158207417, 0.11881151050329208, -0.15825499594211578, -0.3067573308944702, 0.01287560909986496, 0.21811237931251526, -2.495715618133545, -0.9400523900985718, -0.008871872909367085, -0.037317752838134766, 3.1812565326690674, -0.08904276043176651, 0.7470923662185669, 0.0007741064764559269, -1.5198251008987427
-0.015300123952329159, 0.12547142803668976, -0.15065447986125946, -0.24917718768119812, 0.013691066764295101, 0.22527308762073517, -2.4888217449188232, -0.9318094253540039, -0.009560658596456051, -0.038912419229745865, 3.183015823364258, -0.09119000285863876, 0.7476381659507751, 0.0008084459695965052, -1.5284545421600342
-0.016269337385892868, 0.13200968503952026, -0.14307516813278198, -0.19279225170612335, 0.014532186090946198, 0.2323211431503296, -2.481898307800293, -0.9234002232551575, -0.010294906795024872, -0.04046814516186714, 3.1847317218780518, -0.09333524107933044, 0.748224139213562, 0.0008412492461502552, -1.5366121530532837
-0.017321590334177017, 0.13839010894298553, -0.13552162051200867, -0.13779017329216003, 0.01544257439672947, 0.2392285168170929, -2.474947452545166, -0.9149097204208374, -0.01112147606909275, -0.04197170212864876, 3.1863951683044434, -0.09546904265880585, 0.7488850951194763, 0.0008724380750209093, -1.5442992448806763
-0.01843615435063839, 0.14460967481136322, -0.1279936134815216, -0.08431577682495117, 0.01640351675450802, 0.24597805738449097, -2.467970609664917, -0.9064146876335144, -0.012030825950205326, -0.04341747611761093, 3.188006639480591, -0.09759224206209183, 0.7496148347854614, 0.0009020178113132715, -1.5515284538269043
-0.019616659730672836, 0.15065862238407135, -0.12049003690481186, -0.032497115433216095, 0.01741720736026764, 0.25255218148231506, -2.460967779159546, -0.8979909420013428, -0.01303411740809679, -0.04480009526014328, 3.189575672149658, -0.09970096498727798, 0.7504228949546814, 0.000929961446672678, -1.5583150386810303
-0.02086501196026802, 0.15652595460414886, -0.11301068961620331, 0.017543375492095947, 0.018484098836779594, 0.25892722606658936, -2.4539384841918945, -0.8897032737731934, -0.014143233187496662, -0.04610973969101906, 3.191093683242798, -0.10179262608289719, 0.7513191103935242, 0.0009563162457197905, -1.5646733045578003
-0.02218283712863922, 0.16220024228096008, -0.10555532574653625, 0.065700463950634, 0.01960405893623829, 0.26508069038391113, -2.4468815326690674, -0.8816168308258057, -0.01537182554602623, -0.047338102012872696, 3.1925601959228516, -0.10386355966329575, 0.7523148655891418, 0.0009810992050915956, -1.5706207752227783
-0.023570993915200233, 0.16767141222953796, -0.09812343865633011, 0.11187343299388885, 0.020775968208909035, 0.2709866762161255, -2.4397966861724854, -0.873790979385376, -0.016735633835196495, -0.048476532101631165, 3.1939761638641357, -0.1059083566069603, 0.753423273563385, 0.0010043629445135593, -1.5761752128601074
-0.025028619915246964, 0.1729353368282318, -0.0907144770026207, 0.15598022937774658, 0.021996742114424706, 0.2766246199607849, -2.4326837062835693, -0.866281270980835, -0.018252074718475342, -0.049517009407281876, 3.1953418254852295, -0.10792168974876404, 0.7546586990356445, 0.0010261773131787777, -1.5813536643981934
-0.026553403586149216, 0.1779784858226776, -0.08333884924650192, 0.19787704944610596, 0.023260999470949173, 0.281963050365448, -2.4255621433258057, -0.8591568470001221, -0.019939986988902092, -0.050454337149858475, 3.1966800689697266, -0.10988810658454895, 0.7560375928878784, 0.0010465970262885094, -1.5861656665802002
-0.028138093650341034, 0.18279874324798584, -0.07599009573459625, 0.237550750374794, 0.02455963008105755, 0.28697940707206726, -2.4184162616729736, -0.8524410724639893, -0.021819116547703743, -0.05127362906932831, 3.197958469390869, -0.1118091270327568, 0.7575757503509521, 0.0010657350067049265, -1.590640664100647
-0.02977374754846096, 0.1873970627784729, -0.068663090467453, 0.27497851848602295, 0.025880984961986542, 0.2916513979434967, -2.411240577697754, -0.8461737036705017, -0.023911593481898308, -0.051969025284051895, 3.199188232421875, -0.11367789655923843, 0.75929194688797, 0.0010836904402822256, -1.594805121421814
-0.031478140503168106, 0.19173869490623474, -0.06135217845439911, 0.3101375997066498, 0.027234049513936043, 0.2959247827529907, -2.404036283493042, -0.8403884172439575, -0.026286432519555092, -0.05252477899193764, 3.2003870010375977, -0.11547329276800156, 0.7612420916557312, 0.0011005899868905544, -1.598676323890686
-0.03319966048002243, 0.19586628675460815, -0.0540577694773674, 0.34299325942993164, 0.028569070622324944, 0.2998127341270447, -2.396803140640259, -0.8351055979728699, -0.028922203928232193, -0.052938174456357956, 3.201526403427124, -0.11719862371683121, 0.7634100317955017, 0.0011165628675371408, -1.6022791862487793
-0.034913256764411926, 0.19978554546833038, -0.046780236065387726, 0.37352120876312256, 0.029857927933335304, 0.30330097675323486, -2.389540195465088, -0.8303569555282593, -0.03184124827384949, -0.05320823937654495, 3.2026264667510986, -0.11884337663650513, 0.7658155560493469, 0.0011316973250359297, -1.6056406497955322
-0.03658246994018555, 0.20350828766822815, -0.039519939571619034, 0.4017176628112793, 0.031062273308634758, 0.30637893080711365, -2.3822460174560547, -0.8261587023735046, -0.035054489970207214, -0.05332949012517929, 3.203677177429199, -0.12040096521377563, 0.7684678435325623, 0.0011461018584668636, -1.6087876558303833
-0.03814353421330452, 0.20709066092967987, -0.03227647766470909, 0.4275917708873749, 0.032122910022735596, 0.30909213423728943, -2.3749208450317383, -0.8225234150886536, -0.038514960557222366, -0.053316641598939896, 3.204678535461426, -0.12187585234642029, 0.7713302373886108, 0.0011598747223615646, -1.6117485761642456
-0.03956994041800499, 0.2105111926794052, -0.025049474090337753, 0.45117029547691345, 0.03300881013274193, 0.31141066551208496, -2.3675618171691895, -0.8194584250450134, -0.042261797934770584, -0.053161367774009705, 3.2056307792663574, -0.12325331568717957, 0.7744348049163818, 0.0011731034610420465, -1.614549160003662
-0.04079735651612282, 0.2138323038816452, -0.017822155728936195, 0.4725415110588074, 0.03366256505250931, 0.3134014308452606, -2.3601534366607666, -0.8169625997543335, -0.04622851312160492, -0.052885979413986206, 3.206538677215576, -0.12454508244991302, 0.7777284979820251, 0.001185901928693056, -1.6172255277633667
-0.04179653897881508, 0.21701067686080933, -0.010606382042169571, 0.49170824885368347, 0.034049179404973984, 0.3150296211242676, -2.3527040481567383, -0.8150265216827393, -0.050460781902074814, -0.052476752549409866, 3.207378387451172, -0.12573078274726868, 0.7812467217445374, 0.0011983055155724287, -1.619795322418213
-0.04251132905483246, 0.22012054920196533, -0.0034066333901137114, 0.5087326765060425, 0.03412105143070221, 0.3163975775241852, -2.3452212810516357, -0.8136553168296814, -0.054861679673194885, -0.05197376757860184, 3.208179473876953, -0.12681855261325836, 0.7849112749099731, 0.0012103733606636524, -1.6222867965698242
-0.04290610924363136, 0.2231905460357666, 0.003778447164222598, 0.5236985683441162, 0.03385119512677193, 0.31757137179374695, -2.3377041816711426, -0.8128291368484497, -0.05935128033161163, -0.05139933153986931, 3.2089316844940186, -0.12781831622123718, 0.7886564135551453, 0.0012221992947161198, -1.6247210502624512
-0.04296296089887619, 0.2262418568134308, 0.010948625393211842, 0.5366993546485901, 0.0332324244081974, 0.31861546635627747, -2.3301546573638916, -0.8125239014625549, -0.06383680552244186, -0.05077739432454109, 3.209627628326416, -0.12874217331409454, 0.7924057245254517, 0.0012338804081082344, -1.6271183490753174
-0.04268168658018112, 0.2292594611644745, 0.018108956515789032, 0.5478372573852539, 0.032273247838020325, 0.3195582628250122, -2.3225741386413574, -0.8127179741859436, -0.06825356185436249, -0.05013006553053856, 3.210294485092163, -0.12959221005439758, 0.7961059808731079, 0.0012455102987587452, -1.6294950246810913
-0.042083676904439926, 0.23224304616451263, 0.025259187445044518, 0.5572115182876587, 0.03100774809718132, 0.3204428255558014, -2.314964532852173, -0.8133779168128967, -0.07250288128852844, -0.049475204199552536, 3.210916042327881, -0.13038480281829834, 0.7996748685836792, 0.0012572386767715216, -1.631861686706543
-0.04121878370642662, 0.2351960688829422, 0.03239817917346954, 0.5649269819259644, 0.02950185164809227, 0.3213132321834564, -2.3073296546936035, -0.8144762516021729, -0.0764641985297203, -0.048838648945093155, 3.2115039825439453, -0.1311403214931488, 0.8030135035514832, 0.0012692748568952084, -1.6342277526855469
-0.040105197578668594, 0.23798730969429016, 0.03952464088797569, 0.5710739493370056, 0.02777250111103058, 0.3220634162425995, -2.2996644973754883, -0.8159664869308472, -0.08019375056028366, -0.048196036368608475, 3.2120485305786133, -0.13184073567390442, 0.8061656951904297, 0.0012816616799682379, -1.636607050895691
-0.038816433399915695, 0.24062152206897736, 0.04663720354437828, 0.5757578611373901, 0.02590644545853138, 0.32271918654441833, -2.2919702529907227, -0.8178137540817261, -0.08359368145465851, -0.047560591250658035, 3.212541341781616, -0.13250738382339478, 0.8090490102767944, 0.001294656191021204, -1.6390044689178467
-0.03742301091551781, 0.24306225776672363, 0.05373720824718475, 0.5790842175483704, 0.02398371882736683, 0.32324716448783875, -2.2842512130737305, -0.8199852705001831, -0.08661521971225739, -0.04693594202399254, 3.213003396987915, -0.13314594328403473, 0.8116248250007629, 0.0013084961101412773, -1.6414241790771484
-0.035957131534814835, 0.24521496891975403, 0.06082385778427124, 0.5811496376991272, 0.022036416456103325, 0.3235560655593872, -2.2765052318573, -0.8224295377731323, -0.08929922431707382, -0.04629739746451378, 3.2134153842926025, -0.13374561071395874, 0.8139241933822632, 0.0013233218342065811, -1.6438724994659424
-0.034456510096788406, 0.24702519178390503, 0.06789758056402206, 0.5820621252059937, 0.02010256238281727, 0.3235872685909271, -2.268730640411377, -0.825103759765625, -0.09166676551103592, -0.0456339493393898, 3.2137866020202637, -0.13429757952690125, 0.8159640431404114, 0.0013392867986112833, -1.6463569402694702
-0.03296557068824768, 0.24846787750720978, 0.07495476305484772, 0.5819252729415894, 0.018227925524115562, 0.32330554723739624, -2.260927438735962, -0.8279610872268677, -0.09372499585151672, -0.04493407905101776, 3.214102268218994, -0.13480108976364136, 0.8177480101585388, 0.001356582622975111, -1.6488821506500244
-0.03146037086844444, 0.24946445226669312, 0.08200063556432724, 0.5808531641960144, 0.016378946602344513, 0.32263895869255066, -2.2530949115753174, -0.8309504985809326, -0.0955631360411644, -0.04418463259935379, 3.214395046234131, -0.13522236049175262, 0.8193507194519043, 0.0013752072118222713, -1.6514594554901123
-0.030030304566025734, 0.250067800283432, 0.08903752267360687, 0.5789515376091003, 0.014652908779680729, 0.3216020166873932, -2.245236396789551, -0.8340308666229248, -0.09712135791778564, -0.04338502138853073, 3.2146472930908203, -0.13557998836040497, 0.8207219243049622, 0.0013955142349004745, -1.654083251953125
-0.028652608394622803, 0.2502308487892151, 0.09606567770242691, 0.5763298869132996, 0.013019305653870106, 0.3201533257961273, -2.2373504638671875, -0.8371468186378479, -0.098468117415905, -0.042524609714746475, 3.214869499206543, -0.13585032522678375, 0.8219185471534729, 0.0014174943789839745, -1.656762719154358
-0.027340995147824287, 0.24995781481266022, 0.10308478027582169, 0.573099672794342, 0.011489138007164001, 0.31828516721725464, -2.2294347286224365, -0.8402445912361145, -0.09962428361177444, -0.04159659892320633, 3.215052843093872, -0.1360272765159607, 0.8229561448097229, 0.001441251952201128, -1.6595027446746826
-0.026125123724341393, 0.24926608800888062, 0.11009853333234787, 0.5693686604499817, 0.010092129930853844, 0.31599122285842896, -2.2214908599853516, -0.8432773351669312, -0.1005907654762268, -0.04059891402721405, 3.2152047157287598, -0.13610829412937164, 0.8238365054130554, 0.0014669415540993214, -1.6623023748397827
-0.024958819150924683, 0.2481241524219513, 0.11711860448122025, 0.5652312636375427, 0.00877311360090971, 0.31326088309288025, -2.2134957313537598, -0.8461823463439941, -0.10143271088600159, -0.03951847180724144, 3.2152998447418213, -0.1360752433538437, 0.82461017370224, 0.0014945114962756634, -1.6651756763458252
-0.023905089125037193, 0.24659189581871033, 0.12413237988948822, 0.5608015060424805, 0.007599339820444584, 0.31011155247688293, -2.2054646015167236, -0.8489121794700623, -0.10211698710918427, -0.038358837366104126, 3.2153396606445312, -0.1359390765428543, 0.8252512812614441, 0.001524124527350068, -1.668116807937622
-0.02291228249669075, 0.24465328454971313, 0.1311403214931488, 0.5561926364898682, 0.006509630475193262, 0.3065565228462219, -2.1974008083343506, -0.8514057397842407, -0.10270079225301743, -0.037126313894987106, 3.21535587310791, -0.1356726735830307, 0.8258079290390015, 0.0015556341968476772, -1.6711305379867554
-0.02202078513801098, 0.24234694242477417, 0.13814330101013184, 0.5514993071556091, 0.005547045264393091, 0.3026025593280792, -2.189305543899536, -0.853611946105957, -0.1031680703163147, -0.03581487759947777, 3.2153232097625732, -0.13528530299663544, 0.826265811920166, 0.0015891690272837877, -1.674207329750061
-0.021193748340010643, 0.23967212438583374, 0.14514081180095673, 0.5468229651451111, 0.004667956382036209, 0.2982766330242157, -2.1811769008636475, -0.8554693460464478, -0.10355612635612488, -0.034428808838129044, 3.215247869491577, -0.13476233184337616, 0.8266556859016418, 0.0016245702281594276, -1.677351474761963
-0.020397555083036423, 0.23662953078746796, 0.15213356912136078, 0.54226154088974, 0.003832257818430662, 0.2936101257801056, -2.173013687133789, -0.8569198846817017, -0.10389580577611923, -0.032975148409605026, 3.215142011642456, -0.1340896338224411, 0.8270022869110107, 0.001661667600274086, -1.680564522743225
-0.019661199301481247, 0.2332533597946167, 0.15912176668643951, 0.5379020571708679, 0.0030709058046340942, 0.2886161208152771, -2.164816379547119, -0.8579140901565552, -0.10417449474334717, -0.031452976167201996, 3.214996099472046, -0.13327370584011078, 0.8272952437400818, 0.001700500026345253, -1.6838386058807373
-0.018989715725183487, 0.22956587374210358, 0.1661018282175064, 0.5338271856307983, 0.0023884004913270473, 0.2833158075809479, -2.1565818786621094, -0.8584017753601074, -0.10439522564411163, -0.029862256720662117, 3.2147939205169678, -0.13231971859931946, 0.8275360465049744, 0.001740980427712202, -1.6871711015701294
-0.018362846225500107, 0.22557257115840912, 0.17307835817337036, 0.5301243662834167, 0.0017606790643185377, 0.27773624658584595, -2.1483113765716553, -0.8583319783210754, -0.10457400977611542, -0.028213905170559883, 3.2145678997039795, -0.1312146633863449, 0.8277402520179749, 0.0017829625867307186, -1.6905579566955566
-0.01778988540172577, 0.22128981351852417, 0.1800527721643448, 0.5268561840057373, 0.001197422156110406, 0.27189263701438904, -2.140004873275757, -0.8576542139053345, -0.10471027344465256, -0.026503954082727432, 3.214292287826538, -0.1299641728401184, 0.8279052376747131, 0.0018263603560626507, -1.6939867734909058
-0.017255473881959915, 0.21672508120536804, 0.18702860176563263, 0.5240992307662964, 0.0006803965661674738, 0.26581573486328125, -2.1316628456115723, -0.8563218116760254, -0.10481484979391098, -0.024742960929870605, 3.2139928340911865, -0.12855955958366394, 0.8280421495437622, 0.0018709995783865452, -1.6974513530731201
-0.016772232949733734, 0.2118983268737793, 0.19400210678577423, 0.5219032764434814, 0.0002233861741842702, 0.259520947933197, -2.1232833862304688, -0.8542870283126831, -0.10488460212945938, -0.022926488891243935, 3.213636636734009, -0.12701275944709778, 0.8281456828117371, 0.0019167582504451275, -1.700940728187561
-0.016329456120729446, 0.2068186104297638, 0.20097222924232483, 0.5203285217285156, -0.00018626745440997183, 0.25303879380226135, -2.1148650646209717, -0.851510226726532, -0.1049269288778305, -0.02106400951743126, 3.213240385055542, -0.12532110512256622, 0.8282231688499451, 0.001963429618626833, -1.7044508457183838
-0.015926672145724297, 0.20148178935050964, 0.20795287191867828, 0.5194240808486938, -0.0005489169270731509, 0.246372789144516, -2.106386423110962, -0.8479430079460144, -0.10494401305913925, -0.019153296947479248, 3.2127957344055176, -0.12348584830760956, 0.8282759785652161, 0.002010935917496681, -1.7079797983169556
-0.015566801652312279, 0.1959245800971985, 0.21492871642112732, 0.5192404985427856, -0.0008625627961009741, 0.23956938087940216, -2.097886085510254, -0.8435590863227844, -0.10493485629558563, -0.017212262377142906, 3.2123444080352783, -0.12150424718856812, 0.8283071517944336, 0.0020589702762663364, -1.711496353149414
-0.015242932364344597, 0.19014328718185425, 0.22190377116203308, 0.5197936296463013, -0.0011349215637892485, 0.23265042901039124, -2.0893514156341553, -0.8383137583732605, -0.10490619391202927, -0.015235358849167824, 3.2118430137634277, -0.11938609182834625, 0.8283177018165588, 0.0021073264069855213, -1.7149931192398071
-0.014952722005546093, 0.1841438114643097, 0.22887973487377167, 0.5211077928543091, -0.0013686340535059571, 0.2256377786397934, -2.0807762145996094, -0.8321754932403564, -0.10485988855361938, -0.013227198272943497, 3.211292028427124, -0.11713516712188721, 0.8283094167709351, 0.0021558182779699564, -1.7184605598449707
-0.014690352603793144, 0.1779342144727707, 0.23585693538188934, 0.5232090950012207, -0.0015705047408118844, 0.21855996549129486, -2.072159767150879, -0.8251098394393921, -0.10479919612407684, -0.011195247061550617, 3.210700273513794, -0.11475332826375961, 0.8282859921455383, 0.0022041895426809788, -1.7218875885009766
-0.014465726912021637, 0.171525239944458, 0.24283726513385773, 0.526114821434021, -0.0017291996628046036, 0.211427241563797, -2.0635030269622803, -0.8170962333679199, -0.10471948981285095, -0.009145328775048256, 3.2100868225097656, -0.11224409192800522, 0.8282453417778015, 0.0022522842045873404, -1.725260615348816
-0.014231925830245018, 0.16490338742733002, 0.2498197704553604, 0.5298155546188354, -0.0018991207471117377, 0.2043175995349884, -2.0548031330108643, -0.8080954551696777, -0.1046445295214653, -0.0070868199691176414, 3.209423303604126, -0.10960635542869568, 0.8282023668289185, 0.0022996244952082634, -1.728567361831665
-0.014027107506990433, 0.15807117521762848, 0.25681713223457336, 0.5343191623687744, -0.00203533167950809, 0.1971917450428009, -2.046036958694458, -0.7980728149414062, -0.10455679893493652, -0.005010467953979969, 3.2087016105651855, -0.10685406625270844, 0.8281437754631042, 0.0023462821263819933, -1.7318027019500732
-0.01383892260491848, 0.15106301009655, 0.2638096511363983, 0.5396060347557068, -0.002153228735551238, 0.19011902809143066, -2.0372443199157715, -0.7870423197746277, -0.10446127504110336, -0.002937803976237774, 3.2079567909240723, -0.10398987680673599, 0.8280766606330872, 0.0023917860817164183, -1.734933614730835
-0.013668467290699482, 0.14387653768062592, 0.2708034813404083, 0.5456579923629761, -0.002251215511932969, 0.18311218917369843, -2.0284132957458496, -0.7749764919281006, -0.10435837507247925, -0.0008696089498698711, 3.2071802616119385, -0.10102014243602753, 0.8280003666877747, 0.0024359594099223614, -1.7379505634307861
-0.013534110970795155, 0.13651828467845917, 0.27780234813690186, 0.5524503588676453, -0.0023074995260685682, 0.17616605758666992, -2.0195369720458984, -0.761857271194458, -0.10424038022756577, 0.0011965548619627953, 3.2063632011413574, -0.09795759618282318, 0.8279083967208862, 0.0024786991998553276, -1.740840196609497
-0.013422646559774876, 0.1289723515510559, 0.28481873869895935, 0.559971272945404, -0.002336984034627676, 0.1693042367696762, -2.0105907917022705, -0.7476394772529602, -0.10411373525857925, 0.0032594678923487663, 3.205487012863159, -0.09480461478233337, 0.8278040885925293, 0.0025198154617100954, -1.7435965538024902
-0.013330556452274323, 0.1212567687034607, 0.2918439209461212, 0.5681667327880859, -0.0023441084194928408, 0.16256900131702423, -2.0015926361083984, -0.7323336005210876, -0.1039799377322197, 0.005308367311954498, 3.2045607566833496, -0.09156922996044159, 0.8276897668838501, 0.002558973152190447, -1.74619722366333
-0.013246254064142704, 0.1133762001991272, 0.2988796830177307, 0.577002227306366, -0.0023426988627761602, 0.15599553287029266, -1.9925477504730225, -0.7159319519996643, -0.10384300351142883, 0.007330311927944422, 3.2036166191101074, -0.08824761211872101, 0.8275706171989441, 0.0025959068443626165, -1.7486237287521362
-0.013171644881367683, 0.10535644739866257, 0.30591392517089844, 0.586388111114502, -0.002330863382667303, 0.14962060749530792, -1.9834797382354736, -0.6984643936157227, -0.10370294749736786, 0.00931827537715435, 3.2026493549346924, -0.08485386520624161, 0.8274461627006531, 0.0026303171180188656, -1.750851035118103
-0.013110949657857418, 0.09718991816043854, 0.3129541873931885, 0.5962849855422974, -0.002302976557984948, 0.1434476375579834, -1.9743682146072388, -0.6799075603485107, -0.10355855524539948, 0.011274490505456924, 3.2016403675079346, -0.08139818906784058, 0.8273139595985413, 0.0026621082797646523, -1.7528728246688843
-0.013063400983810425, 0.08887894451618195, 0.320003479719162, 0.6066417694091797, -0.002259715460240841, 0.1374945193529129, -1.9652067422866821, -0.6602569818496704, -0.10340990871191025, 0.01319456659257412, 3.200589418411255, -0.07788766920566559, 0.8271742463111877, 0.0026911189779639244, -1.7546780109405518
-0.01302825566381216, 0.08042863011360168, 0.32706218957901, 0.6173914670944214, -0.0022018447052687407, 0.13178148865699768, -1.9559944868087769, -0.6395139098167419, -0.10325734317302704, 0.015073871240019798, 3.1994967460632324, -0.07432933896780014, 0.8270270824432373, 0.0027171759866178036, -1.7562501430511475
-0.01301596313714981, 0.07185104489326477, 0.33413153886795044, 0.6284753680229187, -0.0021166549995541573, 0.12631197273731232, -1.9467307329177856, -0.6176841259002686, -0.10309610515832901, 0.016909316182136536, 3.1983706951141357, -0.0707317665219307, 0.826870322227478, 0.002740186173468828, -1.7575743198394775
-0.013012314215302467, 0.06317220628261566, 0.34119856357574463, 0.639779269695282, -0.0020217355340719223, 0.12113964557647705, -1.9374384880065918, -0.5948220491409302, -0.1029326543211937, 0.018689438700675964, 3.1972126960754395, -0.06710436940193176, 0.8267082571983337, 0.00275989156216383, -1.7586333751678467
-0.013025255873799324, 0.054337278008461, 0.3482989966869354, 0.6513221263885498, -0.0019057603785768151, 0.11623227596282959, -1.9280483722686768, -0.5708077549934387, -0.10276435315608978, 0.02042749710381031, 3.1959826946258545, -0.06344959884881973, 0.8265352845191956, 0.0027763484977185726, -1.759426474571228
-0.013061017729341984, 0.04538750648498535, 0.35542020201683044, 0.6629825234413147, -0.0017616854747757316, 0.1116158738732338, -1.918593406677246, -0.5457013845443726, -0.10258748382329941, 0.022113168612122536, 3.1947062015533447, -0.05977576971054077, 0.8263519406318665, 0.002789415419101715, -1.7599296569824219
-0.013087623752653599, 0.03636468946933746, 0.3625423312187195, 0.6746238470077515, -0.0016293631633743644, 0.10737563669681549, -1.909109115600586, -0.5196054577827454, -0.10241498053073883, 0.02372508868575096, 3.1934092044830322, -0.056086260825395584, 0.8261688947677612, 0.002798781031742692, -1.7601264715194702
-0.013120937161147594, 0.027260001748800278, 0.3696763217449188, 0.6861943006515503, -0.001488575479015708, 0.10348591953516006, -1.8995728492736816, -0.4924943149089813, -0.10224121809005737, 0.02527051977813244, 3.1920735836029053, -0.052391696721315384, 0.8259802460670471, 0.0028045019134879112, -1.7600092887878418
-0.013162210583686829, 0.018078109249472618, 0.37682628631591797, 0.697613000869751, -0.0013374953996390104, 0.0999559685587883, -1.8899794816970825, -0.46437615156173706, -0.10206533968448639, 0.026748215779662132, 3.1906943321228027, -0.048698313534259796, 0.8257852792739868, 0.0028065789956599474, -1.7595643997192383
-0.013210922479629517, 0.008834310807287693, 0.3839922547340393, 0.7087984085083008, -0.001176650868728757, 0.09679900854825974, -1.8803277015686035, -0.4352789521217346, -0.10188749432563782, 0.02815498784184456, 3.1892709732055664, -0.04501398652791977, 0.8255841135978699, 0.0028049759566783905, -1.7587809562683105
-0.013258750550448895, -0.00045415107160806656, 0.39117127656936646, 0.7196682095527649, -0.0010162650141865015, 0.09404352307319641, -1.8706146478652954, -0.40524470806121826, -0.10171167552471161, 0.02948700450360775, 3.187788963317871, -0.041350044310092926, 0.825377881526947, 0.0027996860444545746, -1.7576528787612915
-0.01331133209168911, -0.009773914702236652, 0.3983649015426636, 0.7301589846611023, -0.0008491676999256015, 0.0916854590177536, -1.8608397245407104, -0.374306857585907, -0.10153444111347198, 0.030740883201360703, 3.1862709522247314, -0.03770940750837326, 0.8251664042472839, 0.002790769562125206, -1.7561674118041992
-0.01337454654276371, -0.019112683832645416, 0.4055735170841217, 0.7401801347732544, -0.000667767773848027, 0.08972404897212982, -1.8510000705718994, -0.34249818325042725, -0.10135461390018463, 0.03192008659243584, 3.184690475463867, -0.03410710394382477, 0.8249465227127075, 0.002778337337076664, -1.7543156147003174
-0.013431101106107235, -0.028444470837712288, 0.41279977560043335, 0.7496512532234192, -0.000493849627673626, 0.08819618821144104, -1.84109628200531, -0.30986157059669495, -0.10117807239294052, 0.03301504999399185, 3.1830739974975586, -0.030537497252225876, 0.8247243762016296, 0.0027623618952929974, -1.752089023590088
-0.013497467152774334, -0.0378044955432415, 0.4200725555419922, 0.7585726380348206, -0.00030535319820046425, 0.08707068115472794, -1.8310753107070923, -0.27630504965782166, -0.1009984090924263, 0.03403649851679802, 3.1813888549804688, -0.027008026838302612, 0.8244926333427429, 0.002743002027273178, -1.7494685649871826
-0.013573265634477139, -0.047080203890800476, 0.4273478090763092, 0.7666930556297302, -0.00010460495832376182, 0.08637098968029022, -1.8210314512252808, -0.24209384620189667, -0.10081441700458527, 0.03497106581926346, 3.1796932220458984, -0.02352791652083397, 0.8242566585540771, 0.0027204654179513454, -1.7464547157287598
-0.01366962306201458, -0.05630682781338692, 0.43465203046798706, 0.7740429639816284, 0.000123982536024414, 0.08607648313045502, -1.8109025955200195, -0.20714634656906128, -0.10062350332736969, 0.03583144769072533, 3.177924871444702, -0.020113307982683182, 0.8240083456039429, 0.0026949401944875717, -1.743033528327942
-0.013786320574581623, -0.06468835473060608, 0.44146811962127686, 0.779512882232666, 0.0003652735613286495, 0.0862618088722229, -1.8014990091323853, -0.17397074401378632, -0.10043798387050629, 0.03658086806535721, 3.1760714054107666, -0.017003461718559265, 0.8237561583518982, 0.002668590284883976, -1.7394627332687378
-0.013861331157386303, -0.06471515446901321, 0.4431430697441101, 0.7712230682373047, 0.00038954801857471466, 0.0872734934091568, -1.8010296821594238, -0.1651846021413803, -0.1003560870885849, 0.03676469624042511, 3.175891399383545, -0.015560034662485123, 0.8237337470054626, 0.0026594665832817554, -1.7382302284240723
-0.013897527940571308, -0.0638882964849472, 0.44370925426483154, 0.7652373313903809, 0.00036197114968672395, 0.08809489756822586, -1.8014663457870483, -0.1620102822780609, -0.10034757107496262, 0.03681730851531029, 3.1758456230163574, -0.014855884946882725, 0.8237350583076477, 0.0026556365191936493, -1.7377231121063232
-0.013923974707722664, -0.06333900988101959, 0.44407302141189575, 0.7618873119354248, 0.0003430314245633781, 0.08867619186639786, -1.8016526699066162, -0.1600051373243332, -0.1003413125872612, 0.03683162108063698, 3.17582368850708, -0.014433156698942184, 0.8237350583076477, 0.002653363160789013, -1.737414836883545
-0.013943623751401901, -0.06293397396802902, 0.44428369402885437, 0.759939432144165, 0.000329872767906636, 0.08908809721469879, -1.801761269569397, -0.15884122252464294, -0.10033753514289856, 0.03682846575975418, 3.175811529159546, -0.014187201857566833, 0.8237350583076477, 0.0026520872488617897, -1.7372368574142456
-0.013957982882857323, -0.06263750046491623, 0.4444059431552887, 0.7588100433349609, 0.00032076440402306616, 0.08937961608171463, -1.8018243312835693, -0.15816600620746613, -0.10033519566059113, 0.03681882470846176, 3.1758038997650146, -0.01404427271336317, 0.8237350583076477, 0.002651391550898552, -1.7371337413787842
-0.2989000082015991, -0.13237164914608002, -0.00559999980032444, 0.0856296494603157, 0.24789999425411224, -0.04253450408577919, -2.4066998958587646, -0.15504810214042664, -0.2305999994277954, -0.011974211782217026, 3.2623000144958496, -0.16230511665344238, 0.909600019454956, 0.060791388154029846, -8.19552230834961
-0.2989000082015991, -0.02122233621776104, -0.00559999980032444, 0.013965290039777756, 0.24789999425411224, -0.006587347947061062, -2.4066998958587646, -0.02430141717195511, -0.2305999994277954, -0.00324438838288188, 3.2623000144958496, -0.025726720690727234, 0.909600019454956, 0.010315386578440666, -2.9038009643554688
-0.2989000082015991, -0.02122233621776104, -0.00559999980032444, 0.013965290039777756, 0.24789999425411224, -0.006587347947061062, -2.4066998958587646, -0.02430141717195511, -0.2305999994277954, -0.00324438838288188, 3.2623000144958496, -0.025726720690727234, 0.909600019454956, 0.010315386578440666, -2.9038009643554688
-0.2989000082015991, -0.02122233621776104, -0.00559999980032444, 0.013965290039777756, 0.24789999425411224, -0.006587347947061062, -2.4066998958587646, -0.02430141717195511, -0.2305999994277954, -0.00324438838288188, 3.2623000144958496, -0.025726720690727234, 0.909600019454956, 0.010315386578440666, -2.9038009643554688
-0.2989000082015991, -0.02122233621776104, -0.00559999980032444, 0.013965290039777756, 0.24789999425411224, -0.006587347947061062, -2.4066998958587646, -0.02430141717195511, -0.2305999994277954, -0.00324438838288188, 3.2623000144958496, -0.025726720690727234, 0.909600019454956, 0.010315386578440666, -2.9038009643554688
0.2808000147342682, 0.06098971515893936, -0.30239999294281006, 0.08922891318798065, -0.20340000092983246, 0.0505579374730587, -2.9972000122070312, -0.4211893081665039, -0.8395000100135803, -0.02854967676103115, 2.7395999431610107, -0.055194541811943054, 1.7180999517440796, 0.0, 0.058739177882671356
0.2808000147342682, 0.06098971515893936, -0.30239999294281006, 0.08922891318798065, -0.20340000092983246, 0.0505579374730587, -2.9972000122070312, -0.4211893081665039, -0.8395000100135803, -0.02854967676103115, 2.7395999431610107, -0.055194541811943054, 1.7180999517440796, 0.0, 0.058739177882671356
0.2808000147342682, 0.06098971515893936, -0.30239999294281006, 0.08922891318798065, -0.20340000092983246, 0.0505579374730587, -2.9972000122070312, -0.4211893081665039, -0.8395000100135803, -0.02854967676103115, 2.7395999431610107, -0.055194541811943054, 1.7180999517440796, 0.0, 0.058739177882671356
